,All,11234,11210,11354,10451,10031,11364,10301,10016,10305,11217,10022,11103,10036,10017,10065,10075,10010,10023,10021,11377,10003,11379,10001,10009,11207,11237,10002,11104,10035,11373,11212,11213,10454,10128,11375,10004,10458,11230,10168,11238,11224,10453,10457,11236,11413,11415,11432,11361,11372,11419,10466,10472,10029,11691,11433,11204,10306,11412,11416,11694,10452,11434,10011,10040,10032,10460,10034,11221,11205,10459,11231,10033,11423,11422,11105,11233,11226,11216,10455,10473,10024,11360,10469,11418,11435,11219,11428,10468,11229,11218,11421,11203,10310,11225,11420,11378,10028,11427,10025,11211,10019,11208,10467,11693,11101,10456,11692,11429,11385,10302,10314,11369,11370,11102,10462,10463,11414,11106,11356,10012,10027,10470,10304,10014,11357,10309,10308,11214,10474,11367,11358,11374,10038,11436,11411,10312,10303,11368,11201,11215,11232,11220,11228,11223,11249,10465,11004,11209,10026,10461,11355,11235,10169,11206,11222,10039,10037,11417,11365,10013,10018,11426,10475,11109,11366,10464,10471,10007,10307,11362,10030,10121,11430,10005,10044,10282,11239,10173,11359,10280,10177,11001,10105,11040,10178,11363,10006,10069,11697,11005,12345,10171,10120,10020,10278,10119,10172,10281,10279,10041,10165,11695,11371,10162,10151,10103,10118,11242,10154,10152,10271,10110,10155,10000,10045,10123,10170,10166,10158,10179,11251,10122,10111,10055,10112,11241,10107,10176,10106,10115,10174,00083,10153,10048,10167,10175
1,150.13750613080498,289.90596341280553,151.7161934156379,173.09896408460395,158.97118848653662,96.06435391951604,221.25822406529747,124.53797357132972,126.88223256635393,107.76170936395758,165.67564824350637,177.42488235820366,121.83991916354552,228.15294241573045,304.5514890350874,181.71607739665794,153.98618992695125,278.1370310103002,146.83108230926774,150.9369116037219,124.78957403533245,176.3869787243454,143.22443915343908,196.24041907728835,140.4153965183752,150.97827284439444,169.88000512677093,155.195115604575,162.00720579174364,122.57835590756034,132.94792555315925,118.31199125443074,122.69826310610131,171.23428090766808,166.36153787878771,183.3540344209614,60.835548827374055,198.25076544272324,128.8470052313585,799.7796666666668,146.09983122652739,109.77485648148154,211.33940049751223,151.53655787137598,124.1254221329763,197.39296005581713,104.27253929539296,127.83349853027626,208.8893490115881,125.71035320088293,140.7442819927409,148.35020609318994,132.3029626117014,106.31163852498796,180.7551597140232,152.39236418776372,133.69903855162065,103.84597975583372,153.83879464285712,141.58655743376818,170.7616548964217,186.83843415519897,182.9526893177857,185.79421570354725,119.21175916350683,134.01635300279327,173.56244185597268,135.25141297366736,131.23327155172424,131.07619753086425,201.44503980266845,150.74651997976727,133.52127082292182,163.6111329885971,168.7780775889204,185.88234645669309,129.99518320156434,115.6609867641248,123.2885717517191,139.82879278728595,123.7249290285049,134.13219739455536,246.84378033205627,158.99251011446594,189.40323529411774,138.0048592171718,136.21438257101076,209.69496216646755,200.1753058741745,148.14685742070617,151.11247443622753,97.47685827250599,149.8494816272966,108.77370065120064,99.63599147121542,177.14618452380955,114.07052875243663,130.760053081839,144.04582421227192,133.19749186884653,159.77609709480132,147.29003800380048,170.2273040935674,254.3545235131397,103.45719951083161,130.70061774153686,169.98040313028727,107.23641423743138,187.3075607638892,122.10019488780934,183.11683274021345,100.64833309073249,165.54081119162618,127.6973830409356,136.6715639897323,139.9946183409434,154.2652689466924,145.52347982310658,145.1640337059619,88.73543779216111,175.5078576042818,130.16725378787882,162.1229556898288,126.2850146412884,179.58452830188685,191.94406468531471,121.88338762386668,120.5107191069574,97.45126554292179,250.54031561996783,203.06568683795356,173.3933480332522,187.22222346600333,80.58697860481841,134.82705988455993,102.25136284722225,108.50485553004204,120.12356097961869,149.08120265151507,113.31828385228094,157.87798194882564,111.62171687242798,130.84142161616163,105.85788215236197,162.59348186443438,153.2881222018722,121.27832842931203,378.5880906148867,94.48385920528906,140.80777178257406,148.2178469171953,183.9792332460159,149.44807911506027,7.814783950617285,151.24342573221762,164.53821812736828,128.12310058922557,107.549715588723,145.5769817219817,180.05775405298544,130.93267904717138,187.89805476641413,209.73793707214324,88.29427879714585,127.56658950617286,147.28086986890173,155.9540972222222,72.61824558461882,116.14210822510822,157.9222466666666,232.62699735449732,131.9167185549314,443.1860057471264,695.3250100401609,63.470904605263115,99.84869883040936,37.062092013888886,116.09203142536471,47.89472222222222,0.029583333333333336,177.6625664251208,654.232361111111,151.11636217948723,103.34796296296295,345.4349154589372,108.91324074074075,139.4327494855967,131.28956304619223,121.90222222222222,390.09488888888893,25.45064814814815,2.2509259259259258,127.29777777777778,635.3035416666667,498.50425925925936,307.92284722222223,448.7636111111111,16.50138888888889,328.97020833333335,23.529884259259255,251.5696527777778,357.9757638888889,-8.446203703703702,61.61399999999999,14.369305555555556,2.854722222222222,38.09034722222222,437.93337962962966,21.766666666666666,3.1352777777777776,16.92888888888889,1996.1293055555557,12.721666666666666,4.200555555555556,92.69796296296295,35.85861111111111,6.735722222222222,85.35,0.44055555555555553,0.0,0.0,0.0,0.0,0.0,0.0,0.0,0.0,0.0,0.0,0.0,0.0,0.0,0.0,0.0,0.0,0.0,0.0
2,152.16112151815105,218.30255821448702,165.36974952155802,181.82290438919568,164.87328086743616,102.31094095288613,166.04242839156439,130.7652217553689,190.73201755651738,86.37291347715136,184.0316514041514,230.23982771970566,91.85525777162208,238.8450302245249,310.83653708668453,202.34058755090177,127.19401180797526,198.11889895759302,137.3228331783666,165.21635076252733,132.35411523553952,188.39110620611302,187.79930626296905,258.5977071290946,124.44796531854746,157.70588799643022,212.6961874711852,156.94755687929162,149.412745828896,160.9571380603523,113.40296431294071,168.91937113205756,129.51614564831263,139.52490953109054,215.44654250404253,136.04629565551724,116.80856550580427,151.6992189765899,137.33783135509395,332.6304861111111,110.41092649441467,158.35194523135036,146.28040144596625,123.92985853193026,181.30364872998678,188.96663410663407,135.96347222222215,193.9590847273221,194.10290015015022,128.09761071710008,150.77596264367838,159.30776671183378,134.07500208159883,137.29969879824844,143.22124173966498,152.85643633683426,162.20199906505277,109.82835529872958,165.84831542968752,136.42169075579653,198.32648611111117,182.61376418054525,194.37609577806316,204.50648999999993,106.04499049100964,185.6503151997263,153.3679157529241,113.89488864942527,114.60479434496483,116.44614589457179,212.35617907801424,154.14974125514414,146.9202312013827,194.19513749302064,159.41978051001806,128.97066279289498,142.6384429223745,124.94203725216873,114.70048345476636,148.49595481164934,96.38849151234582,160.48564969931272,185.2581843800323,157.9021975119292,154.51148835716901,147.11744847119837,162.19747454499154,172.39354895991875,145.44929707955671,157.83202617470826,159.05821839080465,157.47165999686123,176.05401036970233,97.58751873385012,129.65041766746717,229.60950243794343,132.604968971631,132.71806539351854,264.8243499544628,182.9479478011287,121.79378958333324,173.75050185366908,169.7421065334998,175.23880019251945,237.01828137490017,126.12925226098173,171.12388980443868,137.17276127612752,188.0884726898616,105.1271803415245,162.26113267770887,144.46148148148148,217.1168822475226,167.80866771159862,91.48591080876803,128.90655225289,112.68392172739533,230.17596188421416,113.59922707382036,145.78527561776403,171.0425846994535,126.74357121879598,174.11991804467655,136.8347399150743,130.71114876171333,206.52527111521124,132.429061675066,102.18228235094843,93.86917643229181,170.32585599194354,180.113476793249,184.80247097097094,160.692542408821,76.76560457516337,175.19697717354822,225.17486972437558,139.82380816086902,124.89433436761229,151.40693195179296,166.84607290803643,165.8354625973458,96.24256772486781,119.61357164821636,145.26433285024135,118.70942364465924,170.3949154320987,124.19682151483785,520.6879736467235,78.79818093093108,114.63610387522108,151.21824354657696,177.57986619628787,167.19754643616437,2.4086805555555553,138.658997625035,189.65837750036485,144.3377600879708,175.4085759259258,183.11287462581444,100.00267671747298,121.89476376300759,313.75731687898104,225.30582446808512,174.88184969853577,69.73763071895425,69.97407151095734,185.9863975694445,90.31983796296298,136.49234986627775,138.1199565217391,231.53147823261872,90.97579535054,446.75281362007166,894.0300393201421,87.25359241452998,25.023611111111112,138.86186274509805,100.24267447199271,0.0,3622.8547222222223,76.00866898148148,0.0,256.5424637681159,0.0,346.16330158730153,0.0,338.686286687631,112.7411825396825,93.36195555555555,0.5083333333333333,0.0,18.609055555555557,0.0,10.325,145.6326,4.19212962962963,20.524675925925926,56.634027777777774,449.1543981481482,195.47750000000002,0.0,4.387083333333333,0.0,12.16986111111111,0.0,0.0,249.1816666666667,40.20291666666667,24.95,0.0,22.036527777777778,0.4211111111111111,474.4212037037038,1520.8005555555555,79.40663194444446,144.76,3.009097222222222,2.7672222222222222,0.0,1570.8972222222221,698.220324074074,1114.4695833333333,1151.6479166666666,1413.3508333333334,166.79861111111111,408.2559722222223,69.5425,0.0,196.56666666666666,1.3,0.0,0.0,0.0,0.0,0.0,0.0,0.0
3,194.28974570641424,196.195682319224,229.00425044533515,178.49008215389642,357.35603125308114,259.13915278703104,222.07782980304728,175.9625807748538,144.53628070175472,114.5655623759921,163.3391098265896,180.42007164669974,118.30663013698634,220.46924440483275,288.8515004130526,179.62758888888874,353.8232791977283,94.44451668530944,168.62155458742922,278.1698309178749,156.73137643248668,205.00697983184324,150.52689499709138,141.6113836279461,189.79352084972464,219.78285172186241,213.3070203751308,148.60660340600654,124.63996134020623,249.88126182408578,172.65378649635036,192.82180197268605,219.21307474020787,208.40561615070783,206.35517916422577,153.7598764016312,173.81582358674464,226.7469506971799,169.96873560535315,360.5561666666667,157.97024723300282,118.7503909923286,271.397596112641,229.47656018908546,170.34704604604607,127.07105521332429,170.51853082851645,181.31123156924687,207.97849087893863,113.17894946808514,122.34021523869087,243.28051617263236,257.95012996031744,161.75383337864778,319.7923571143088,193.39558222550474,121.41017654320993,137.7614697038039,262.2104526748973,104.34149611111116,186.10523540489626,378.42241928939916,187.60849309664673,180.68247991557737,190.03694160775066,207.33678713151897,288.16215000000057,245.41006757369615,145.99269754584685,169.17702698628062,313.1058216837528,146.79588475586294,247.10155116395293,220.42787946428572,159.98333244586436,162.79513828061638,239.71915274614054,194.66548870619513,210.32739166442812,162.6731089233625,138.02029392056514,201.70810329218094,273.88834901433694,160.01481202107271,160.30600290215577,173.50444107744096,159.63497450203997,218.79533005330052,212.97916823161185,151.51211961115786,153.7037792779711,138.74436521795377,183.28439018195246,170.23200452360754,197.03156055957317,216.0912505201832,110.78631989363232,178.4673706577974,153.42347163120562,213.81592446283756,209.58859958151865,179.07360494841583,197.39230393241877,294.5603446176897,267.65946268237934,152.4675583776006,237.18438056125942,213.28818192656178,119.71726495726502,122.47097943315798,356.0144276989758,140.37030142870944,214.81969597069607,232.9992825237297,157.08280961102392,174.99409695760005,128.98973738522446,122.01627307274701,169.5820514096186,108.80683557800232,241.19304249034317,222.22445508557254,277.00475783475787,242.7723891581406,283.5113163452708,241.56625261069334,170.4790074525746,145.30410263653485,149.89991867124854,272.48646929824537,163.849859948861,228.3822211558967,159.8954955059662,100.593590210356,227.1162138728323,130.80200021043774,186.80283292483665,172.86533242258653,189.21265615127723,136.29091381100733,130.02458320626212,138.76530470775978,132.8640469790066,146.97544658493868,177.4955505698007,120.26460138387488,74.89128313418483,92.68269314236107,163.35093627219865,186.15028546220393,195.28152461568425,213.45627211403854,149.31298481711525,17.746219512195122,191.78429910015674,191.66242035742036,204.78068217790474,265.6118485380117,203.1986100648671,184.61069917440648,166.6018023553507,270.81289824771005,231.84573450854694,175.5017721386801,254.44951388888884,86.2541839693228,74.29534432870369,114.29480242053071,98.62288056779249,127.67976273148145,201.61090909090916,361.3374553571429,566.1737847222222,638.560325854701,214.37593971631208,356.10591880341883,84.44439814814815,135.67121922821016,0.0,0.0,197.94969246031746,52.863055555555555,35.89724160206719,573.2024305555556,101.16803571428571,2243.2805555555556,578.1181992337158,262.8789030131827,162.19824074074074,16.243611111111115,9.550555555555556,5.3388888888888895,23.333333333333332,78.9462962962963,202.48514957264956,15.392777777777777,22.578124999999996,25.975925925925925,646.3384722222223,0.0,24.711388888888887,0.0,-72.0,0.043333333333333335,10.610888888888887,0.0,0.35944444444444446,30.243611111111118,2275.8258333333333,593.5290277777779,1198.1,751.6545833333332,0.0,35.92625,6.736527777777779,0.0,0.0,0.0,0.0,24.0,0.0,1.0716666666666668,89.16388888888889,1.2661111111111112,0.0,0.0,11.950173611111111,18.68295454545455,91.41064814814814,60.31666666666666,171.98694444444445,411.5179166666667,0.0,0.0,0.0,0.0,0.0
4,119.63918488083077,77.03029452819652,122.50253794778378,164.74588065493097,119.52618837380422,157.50472686013407,132.35770077972717,83.53629864215921,85.91612460638788,122.92725920893723,90.36050103470232,139.84142962962972,93.94762212212206,96.55288063691302,68.41254247015607,56.990033444816056,288.2429024342363,61.84257020091993,87.57291182733256,122.94068121693113,93.19147627682084,82.05896990740739,87.33101103412886,58.22143111518109,54.20878117913833,144.68546243786324,95.49106961178042,90.4677619654491,69.44877366255147,183.16669421755472,131.8115227493409,176.4160799098633,143.05085642258032,122.63237908056304,68.54115287490285,131.7999108796296,142.40015625,158.0549033426582,133.58173396567304,1.0964444444444446,121.54367073730084,120.99847652885447,174.29927541131406,144.3842805054554,158.6124630801689,94.55036521200864,113.25103116031157,218.3850040716612,132.40088652482262,113.89204789272041,115.16273094105779,42.667863782398435,174.22651877797244,127.38508748741181,222.74588566195695,152.33550406814135,70.55974846661944,74.10366656937147,151.51297327898553,109.83985939643344,113.6724593892138,126.79842960388382,152.60643946692366,86.35428497139887,121.42326219226814,152.42364632768354,157.84873520923531,101.39898092992469,132.66945119891938,150.06060030686615,186.86972516875588,134.97593781855247,196.10426068722913,135.83257610350083,191.61189793866257,60.267812551137325,180.1594779353821,167.2961605937922,128.79416090052155,115.31822752882616,74.13431331747935,122.93778224365835,301.3640422362427,165.54138049350257,182.23996882086172,97.37996155175395,93.39474455457659,115.79292290886386,113.4139670303604,137.81347552255218,81.77741439733425,172.39790009469692,146.2602585067723,187.6882680180179,165.01260498687674,162.56738592183348,116.34130208333335,64.11496929327285,53.6985283224401,130.93039324096281,84.31070959823647,69.7659851551957,176.26952905764102,143.7948414025585,181.12749435984205,51.33036675347226,152.38903081232473,152.7853614457832,138.3959417344174,93.40404875613848,107.44002939983777,93.91679352068694,193.85496171652417,39.91569207432691,78.71260032178694,106.31774307838414,89.71654429046116,91.20863159619797,109.10502707749771,100.71935590700191,64.97537983425411,115.30810528776672,109.39145763888891,205.24269893483714,83.83153629629633,160.7557975282975,88.17598713119897,57.022738095238104,92.09677360840371,149.07425392251045,133.7901824698599,146.6322886053106,84.67899576719572,69.74613278741168,133.43102870813394,51.26116722783389,83.10246752738658,140.34518696581188,57.260144733912306,71.4148023360287,118.02246864349004,121.88081137461566,93.04351897554021,101.28193698016631,107.91274786324784,98.8444525238535,72.17793035426737,78.19948717948719,54.3921092823251,109.7719844322344,129.80174669558036,184.44259145148675,153.6388414699859,4.339888888888889,103.65558798017372,86.7927264749561,145.850374134297,64.94677397446348,154.84812952005245,95.86054862444014,88.50219067215365,54.30334662413615,126.30469727212241,112.09307692307692,-1.7122222222222212,29.706451325178374,62.97816601689407,70.70840277777779,94.90151010101013,89.84339611872146,88.9336458333333,124.47408730158732,10.692256944444443,112.83195707070708,35.79072831978319,105.2958111111111,46.50503472222222,123.6429703282828,0.44,1.4238071895424833,18.25818318318318,0.0,26.302866666666656,0.12472222222222222,144.5111031746032,0.0,83.66998995983936,57.0740503875969,176.33378600823045,94.09211279461279,7.938611111111111,0.0,0.0,3.2676388888888885,0.25125,14.615324074074074,0.8402777777777778,0.0,533.8083333333334,0.21375,0.055,0.5296296296296297,154.84727124183007,171.445,0.44125000000000003,0.0,0.0,0.0,0.0,0.0,0.0,0.0,0.0,1.2891666666666666,0.8078073286052013,0.15694444444444444,0.05333333333333334,0.1688888888888889,0.0,0.0,0.0,1.2712500000000002,0.0,10.039814814814815,0.0,43.39333333333334,1.2361111111111112,0.0,0.0,0.6466666666666666,0.0,4.883611111111111,1.1994444444444445,0.0,0.0,0.0,0.0
5,86.62287636022371,86.84488402602851,99.68198547400614,111.51765533625736,76.9633201809764,75.48078877244816,136.9414701189442,79.85412269045811,56.633509268509265,122.53680022259323,80.13308441902338,99.6795688308791,61.03543116171197,50.59910197869106,44.15547839506172,64.56169270833335,140.51179581529578,73.48477014866974,42.613393055555534,121.0734898679418,68.63079504985754,60.44818921538618,83.2566525549614,57.69396264908974,35.2912663723326,122.73658995071881,78.0911748231131,55.92335023353001,88.81394968200529,104.66829804733096,58.56595696213724,138.85901012241035,115.23616577487117,87.24755007153087,80.15333411470542,94.43691004207895,63.478127572016476,122.56777891569294,127.95053334106017,0.16583333333333333,82.04827350162074,101.1780623409669,95.14075335397327,68.41867100928411,129.91505822109986,93.08583387692975,112.06715396825393,122.03928099321185,83.11813253784965,57.70233328809271,72.69768830249717,23.473268214659544,92.72031301119917,91.65581391954218,190.3882776505027,78.74706856641122,75.57355478454558,104.73465546942293,136.91398938187336,69.12269874283591,69.82162099811683,82.15507635166452,106.3442505573155,82.50067080045093,37.60228060225966,83.84075989006038,104.78218761334779,41.713753923414835,80.50369717883517,103.59838819310642,104.33023959060243,133.99937684365793,80.2238861160046,127.16309408787684,140.3177404870624,71.0719827934201,110.67174594004749,92.65893210609656,103.51560410886528,101.5526845714812,60.39133829572776,78.4703725824801,152.30653552251144,128.57295116912798,143.73103027812036,112.9648327300648,87.14983933503295,194.24889072240558,87.29844803370776,141.45986937175073,94.70654008158196,135.47697861459753,152.3572465851907,61.21383524904213,93.12272314002185,120.63886783200647,114.39044412878782,61.82052828513443,153.87570698302474,65.01603659368394,74.68766994311235,41.33563633238812,95.4614341945368,111.64678993055571,64.4520056867892,61.3613631239935,90.66697214372225,249.30477347883573,74.5889013732834,76.11983009166106,180.22130028735634,107.67563022426111,95.98993093922654,79.67257908027646,71.68808867810898,75.00689364096795,63.552064944834385,161.29230344742072,65.6428264969354,77.76177083333334,115.96089983022073,68.79811863779378,89.94245045329964,134.4059195887904,56.97074854651161,121.54016337448567,104.03192600044707,98.59164935473716,90.74640048190584,104.34341034544168,81.12756385696048,102.00725947059755,75.2751689976689,28.61677849927849,152.68257575757573,91.81180655475622,102.71525925925928,95.241614755909,59.09967535692116,47.07723714581344,84.92609574675649,94.73068496037759,70.6682819219642,70.28676440329217,109.6381963937623,48.28323217247099,85.58109918931812,171.4037768817204,74.25821754582881,89.55718370522162,56.563005347799255,212.04445630081315,83.17326746849939,8.437173202614378,55.813654374898945,61.73557212628644,102.99769582565982,74.40949577744658,115.71246232876719,84.66089102922014,42.1159657190635,64.0314175485009,161.03897838214775,119.61497051520793,2.690577777777778,88.30135045173562,80.28359561752988,76.6601145475372,44.2729472934473,55.554704692556626,149.02170155038755,126.23400442716759,0.21652777777777776,109.01370915032679,131.90469187675072,14.57776094276094,9.087509107468122,106.9238251946214,18.0,81.87233333333334,2.054623015873016,0.555,81.1732264957265,2.05375,173.306724137931,0.0,171.22282181571816,71.13775793650795,69.76219696969699,163.49410818713451,0.42727777777777776,0.6030555555555556,33.09097222222223,0.14319444444444443,0.24152777777777773,84.51513888888888,7.911277777777778,0.0,20.830092592592592,0.32375,0.0,971.1036111111111,112.79659722222223,0.0,18.494027777777777,0.0,0.021111111111111112,635.2755555555556,0.0,0.0,0.0,0.0,0.0,0.0,7.105197428833789,1.0094444444444444,0.0,0.0,0.04027777777777778,0.0,0.0,2.5556944444444447,0.32472222222222225,0.0575,0.0,0.0,65.62916666666666,21.411527777777778,0.0,0.0,352.6045833333334,0.09944444444444445,0.2654166666666667,0.0,0.0,0.0,0.0
6,86.89488002492477,118.45272539682531,139.67025535050644,181.8795590585054,61.16942555929112,67.66563076640054,151.76127710708704,102.61134054217375,112.59062093047673,118.35377631578946,93.32945967943898,102.86892101621198,104.59271401819147,79.15519814814816,75.5207365466512,75.49697633434039,165.3538358057009,55.49011177136388,70.72457161604795,135.71093446824094,79.80057609392308,87.45547201531139,118.66647614178602,56.223852244470606,48.827227715003104,106.03203767182578,80.72184738639359,62.03182756888252,123.91185883997201,66.61914094280925,163.90195086599135,80.63926978019221,100.06210146458235,75.13205938697313,93.10892611321819,121.58059566373304,55.05476532567049,98.67001305177499,126.8303929682456,0.3711111111111111,83.51773812966982,79.81009535655068,52.22282113972861,72.63173947245093,99.48939696003103,144.97094893378207,144.18384364002017,119.24693591426072,155.44592361111106,92.64193697632076,105.14267537366042,40.48081386538696,73.92219731189925,50.312930056710826,123.82222645460213,125.39716113516113,118.21465809240362,145.4306855396065,142.18663711583926,118.18787776323437,55.709515189346675,74.92361715117042,135.8338181089746,105.2045516481315,20.68040037891174,50.968483093337106,86.350280969403,28.41237099943128,77.84868728387804,104.44989901090774,128.44078713606675,116.03654144419023,57.864985011990356,133.03925085407522,118.85825612207596,91.698669937139,86.49855845543328,67.47466592405281,102.75653910128462,71.17205942908991,66.05523576535668,102.2947962274542,171.9229934210527,110.6391076943295,129.9385303687635,112.37995596205951,78.61984170086093,189.3306794662309,65.54451151192193,110.97694877073633,99.47862561819977,70.27715190651902,89.49185734463283,86.74064956079516,66.17946852180776,107.72795554141932,96.22419986023763,91.2314860055496,252.72928767876792,82.93490583371602,79.18731340334237,74.18787982333795,97.17077032653958,109.48709254652681,101.050410906298,51.46845065391795,73.15004937535207,244.3520677755147,109.52689302112027,88.46742114082359,86.6500364298725,95.02486393023612,96.06061999679791,111.77184578544062,83.16856103731811,73.40756413635566,75.87698997628317,91.50802768931352,92.13097551703166,182.7198476017002,87.48679418453538,83.62068133471855,97.86087851136158,104.39885302125877,99.27291028845154,132.7354830789257,155.68951859535898,68.87277342995168,95.89775937500008,79.59584701696772,98.90233141447371,128.96496773288442,77.05212765957437,78.69090277777775,112.64206033549786,88.60878352490427,128.68996300476573,95.60340905409782,59.64556613756609,92.23047671544063,109.99322870043189,81.01483857067085,77.73280638612043,76.23160088395514,112.28485054347804,58.24391743827165,117.59671806167408,178.68615869341556,85.96515477116557,41.97428328438568,141.69900897378602,130.8598948467256,103.86301137049107,7.8289850427350425,65.30466788888886,87.58469507228672,83.92510362162713,67.1379667441345,131.246793025219,89.3406265232974,89.30313831660506,53.57821256038645,179.16772669220947,107.0704612159329,8.884106861819332,37.62768476847683,139.87877801120453,99.79105119825712,123.60233309990667,81.80068945442444,225.04761297678274,59.14168005983438,2.786277777777778,162.10221230158731,70.24739923747278,44.0551122931442,79.86848765432097,92.54735126859143,0.0,20.7925,49.91980555555557,0.14722222222222223,223.0674411764706,0.0,116.41372685185183,4.500601851851852,246.9405337690632,87.44265729585005,92.21061447811445,129.88396241830063,84.31006944444445,143.56162037037038,0.0,119.85486111111112,62.39150793650794,52.640499999999996,1.2499259259259259,0.0,151.17916666666667,0.17194444444444446,66.90194444444444,0.0,-63.404074074074074,271.2396527777778,42.48506944444444,0.0,0.0,0.0,190.50447916666667,359.90601851851847,0.0,4.426527777777777,0.0,1.6047222222222222,31.024321378340368,0.0,1.7075,15.895833333333332,0.0,0.0,0.3869444444444444,0.0,0.0,0.0,0.0,24.920277777777777,73.03833333333333,0.0,0.0,0.0,1072.963611111111,0.0,1.1813888888888888,184.84370370370368,0.0,0.0,0.0
7,99.54013644190944,159.9228913418733,175.67945384560775,150.02410801370743,72.83667911788876,67.108134909355,146.1670096972994,124.65111473880586,109.14384885378956,121.67940936343925,120.34237724405631,117.84702747909188,123.75900884875017,114.65795721187008,106.82646599070566,124.62379925925931,197.7022029855341,141.06911582341286,105.65476211903054,187.33179005167966,88.383629343057,116.89800964378007,105.49333583865705,50.38285819337698,88.10785724606271,96.87790162832111,80.84437405389032,73.79849001779567,109.92810019841275,112.80792898403008,100.20415704070385,126.9670820701029,91.04496456386283,140.0139262351105,107.93317869415802,139.81031370923156,102.51530539311238,110.16002383474566,204.9429688977127,0.17324074074074075,93.25847546379403,90.1657974910395,74.10579312709882,83.08540757410404,92.38140271279357,108.9020469798658,182.02467186484736,106.61773157935941,195.11696254208752,129.99261513810902,106.19627464694902,31.857100139710827,66.5035100612423,87.45833067401597,140.31355450913236,122.42504890139347,166.9876799263769,128.00690303657697,130.28756160046055,73.2560564605959,70.11824438970993,72.67510859944998,131.71075202821842,118.70480292588557,41.25305380073487,39.66824441336833,99.29001537552952,39.957061208784744,96.07079945799454,115.42454715423442,128.44682111504176,94.73346963423046,53.46587856855652,113.05105022831052,112.94347461368638,121.66775314723586,129.9274792773983,105.26479340804038,121.30658390514036,95.37007168458784,78.04670052027666,76.86057526881721,113.97444762510605,109.58869800479434,98.96975583132243,112.84626494440259,113.03227468388486,114.67792949137743,89.28299631803466,165.8892316784865,122.6119905785253,84.43402535328323,104.77534941449474,100.17886384650943,111.58912252368643,92.12826127239036,110.00948795747503,153.99124109901913,181.24559027777775,98.49967291045846,102.73005426356612,101.45258371385083,73.9438118403985,130.2372360185742,69.04455290537881,74.25262260340205,98.45239646049973,191.40477561795063,114.72013522185544,85.76086161757843,147.8301235901128,99.09777100270998,117.21061014372576,81.31063123074131,133.3592336182334,102.92006667895762,99.31140516039066,92.83563666492248,101.19044587628848,122.86479481098178,166.08665820868964,91.2139158811768,114.68677431328892,131.06717923558568,157.43209234077156,98.8253947541846,116.26190952151565,132.39559955470742,121.34724702684359,139.17775516795848,153.59712364178066,155.35377281874372,98.85323999100304,78.69481717965509,133.29961615371244,103.73431295200527,108.87255749405236,135.98892406598748,84.62534594567005,77.06053791625462,145.54523538961016,97.72205810008488,110.18498777078943,120.45873070544701,153.22179597701154,76.3889978144389,80.61614497015039,239.35702858880762,142.16165269749482,67.1145500305064,103.8365099145301,133.54918788953353,156.31575169898883,25.35584422657952,95.58210333006859,101.0866541128646,115.81302613574165,95.64237831294591,93.96866200578583,87.1031611796983,84.95751006441238,98.46929512258735,143.60550904689075,133.80111666666667,2.3761790458937195,38.47284825870637,101.89975836431225,108.01122845399101,98.24985294117657,78.22163407407409,203.71821776155718,121.41193724382423,172.3541111111111,157.1157098765432,81.72885777777775,260.7818686868687,56.827842592592596,141.42127591706537,9.09,0.5858333333333334,39.867540650406504,21.18027777777778,168.74817574786323,69.4225,151.52780158730155,0.21291666666666667,187.52017927501979,93.38681341719077,62.991085858585876,70.13713789682538,201.98875,144.79296296296297,0.0,110.71444444444444,118.50543650793651,4.764166666666666,3.2337638888888893,143.8711111111111,52.13625,7.586388888888889,19.02,63.98833333333334,3.3669907407407402,0.0,40.29192307692308,0.2922222222222222,94.315,30.953611111111112,0.0,22.558333333333334,0.0,3.305555555555556,2.3223611111111113,0.0,48.55131313131315,0.0,6.48125,78.24188271604937,0.0,0.0,0.0,0.0,39.75777777777778,499.62083333333334,0.0,410.4033333333334,23.528055555555557,0.0,0.0,0.0,389.75787037037037,0.0,0.0,0.4421296296296296,0.0,2.4780555555555557,2.0052777777777777
8,81.42062740591152,147.32881106825636,131.3798672095102,141.14416435185186,61.843252233615004,57.906758534077106,177.55965041279674,75.90838996289779,134.3410734299519,106.14529812779811,83.39996153846151,88.10912257495592,127.11233369374945,53.75511446681583,92.03751543209873,83.12419107091587,129.25959090909095,60.44392536475872,59.25347192417736,86.63353023909978,81.42528356732758,80.5081139178473,141.70318864774617,50.6846169497523,54.01951913543515,76.76960828394328,53.173285183233766,54.93480575806667,129.02073495370374,61.30301661669171,96.2481898122836,91.85643736616701,82.46720307513776,56.08873323579608,98.0732325952523,134.51484037037054,83.74068181818178,68.12883354132009,135.48212449656452,0.0,78.49538237100734,59.742331402257825,49.44165712799145,35.585283296541725,113.66296252038983,120.23083509560318,141.09483253315048,127.90761355105104,163.39126567844954,87.39062716562722,83.2866488867005,15.771075040248855,50.15131688982854,50.267820168368225,137.87232278851775,97.90466731266163,94.19022984886641,114.93152133502319,139.63486423350903,106.95260501686809,69.32965210355972,48.49005881608911,129.88117333703875,66.06862127735911,31.916680768197796,34.59693817368315,68.66415025037792,20.31961644444439,68.78039359294985,104.0313850101443,80.4274075721629,97.09005800848576,40.59581267559088,113.32622146977674,134.00157629375946,114.21288593436762,87.56381856909431,93.06101699848655,83.03012217869774,69.42243167648823,49.0829452009736,64.91763589666861,142.79781999324564,84.2368310376492,117.9546333564655,99.6566261387274,106.32273083584002,203.12683049606417,47.644445355689186,124.79169167909498,105.1526995382585,86.74911668706667,95.71824768288648,82.41727207977205,77.52509809835698,98.91249693725358,131.566564720607,67.60317634363686,158.09932716049383,65.4278349307774,70.40875675054563,46.30271469425517,69.74170097299859,84.65332356808598,49.72352948620602,64.36443078890967,87.90304938779238,136.31597184170474,129.27336257309952,88.77237149686776,86.17733475479729,100.91565395592728,85.78301026856255,107.79942992011614,89.63303774215088,78.14568834613969,48.8113352187028,118.11769981060598,110.4347027089073,172.66209173943608,80.82150165016506,65.84921583459396,86.02248493186586,103.37567362335885,66.72286676140212,165.43331309523762,126.1122699652779,118.9104225023343,104.96099140926019,72.70969729344728,175.1540703405016,161.5993853795969,118.10762908124505,81.76284472934478,101.47149860199357,160.094894342195,132.52740484700277,62.62144323671496,61.035294508617575,68.10363991081381,96.3009879826635,80.56129952627043,76.35215748268574,146.55329437156632,123.97570256410263,53.08652879156519,76.9556632494564,180.4712800519818,119.76846560104697,46.64977410901479,96.13553297997649,122.5067715130948,107.06943272798273,4.150428802588999,66.18761540032675,62.740931235895395,63.43305280800081,73.76359538784071,86.62590071192474,133.5647665056361,65.6812240193781,50.50435305658814,199.26592683369628,71.9420793022574,13.716805555555554,64.58060196773766,80.75584307992196,73.78229280926261,78.20197463768116,115.03682315064393,203.28557489043598,73.35901490066217,291.2886666666667,353.6666534391534,58.25532505910166,59.79347670250896,235.49814814814815,103.20813528029542,0.6055555555555555,51.82675925925926,37.78997777777778,0.0,167.43037198067626,0.7172222222222222,143.30575281803553,37.27694444444444,242.7034049554782,66.02162326388884,24.073712121212118,108.7526736111111,197.4975,0.6279861111111111,0.0,0.7571825396825397,15.51017361111111,12.851064814814816,4.076319444444444,0.0,43.48436507936508,34.23472222222222,25.04652777777778,15.597962962962963,23.046944444444446,237.35569444444442,27.00787037037037,0.24481481481481485,0.5601388888888889,34.76833333333333,0.0,24.878680555555555,0.0,0.0,0.0,0.6133333333333333,69.23837962962962,898.1130555555555,0.19,118.50037037037038,0.0,0.07111111111111111,0.0,0.0,0.0,0.0,0.0,24.799166666666665,47.719166666666666,2.859583333333333,0.0,0.0,228.9449074074074,0.0,0.0,0.19111111111111112,0.2086111111111111,0.0,0.0
9,23.597738500921864,25.976678766507643,32.05582834181887,33.152146621738396,21.19888344226577,17.31906017424044,35.23111989144316,32.40695560969009,62.50459350221395,24.545349014336956,27.336740956072333,30.578698229077396,30.677442922374425,24.00307324016565,23.897989356178627,31.570691434468515,38.92618427069043,30.696140740740752,21.001205833709214,47.275321969697,19.82898271370234,30.715145747599433,27.53798497606075,18.694972581276943,21.13894426652431,24.625832550860736,25.880865103635767,22.7364516292249,29.092727746508235,28.97223670352816,16.851946766702408,33.26871003668765,28.378880154932787,26.92726957070709,35.97579323570431,29.10365071667206,37.49643298059967,26.54617256906413,38.39147100720633,4.251111111111111,25.960545404208183,29.64550805675802,19.92027680311889,26.091184696867256,23.0155794346979,37.47594615824054,32.35495952380952,24.6550880521502,39.10529624499847,16.854700285442444,11.351769979876373,8.784707717327043,19.897964733703503,19.435330991911503,27.95898245176312,26.091710452922808,33.27628307921483,35.88237499999995,37.36140912435616,17.792036138079844,16.521758360302055,23.04000101010096,41.090529687651085,30.509944444444432,13.04592280276307,17.74136152721032,22.948108211233187,6.672827368567058,21.784887457981288,29.599358216971016,27.042691857849753,38.16971478873241,15.684850918244317,27.395633270321326,28.188295623539403,26.725868428022785,30.869267434785932,32.834893100764596,25.737039326560634,20.82917861111107,19.508612096837794,26.657579545454553,38.99602157943066,25.09786869556895,24.53061282932417,22.26251682637464,26.00892594207109,32.83645277777778,20.665301132342456,34.22483170225384,29.680454402090678,12.893333110218636,27.413961826857545,31.23800567453778,25.515291446706897,17.449895090044144,20.765907536135895,21.895337390296387,45.59549702380953,24.682210366965776,23.985441728107542,18.62847450264964,21.336912293236345,27.733363518758058,15.305173611111123,21.107792199648838,26.19039880571551,45.9770462962963,19.906976260401372,23.05793993177011,23.25394845894846,29.865807170807184,19.48272571768559,15.469351482957066,17.87618178382463,32.768205373058294,21.88616451589381,27.43943330858699,27.74774712911234,44.577087325600914,28.929456140350887,23.555844865982667,32.568280106453756,33.40622321701871,32.72805186660766,32.571635227634495,38.257724637681186,37.949866338112294,25.8504472934473,34.58826616288834,41.11367454471049,38.57117897727275,37.40127070537876,29.924435515873004,21.16001845018451,36.178837803320555,43.58061075875032,23.967104954558796,10.621360090061764,27.097183826317814,23.516578914612907,22.202709421804236,23.57492197253431,24.374122910521145,24.922779345878087,16.349478263724706,18.225845522196554,37.079040849673184,34.047280643739,11.262088347055103,28.92503388189736,22.271036165327217,30.15162184009406,4.600608747044918,26.75297842853702,24.74277824699701,16.794908509700207,11.61096188158963,15.004189439946007,21.054632761437908,29.52582070707072,12.891698047419796,32.64564634146344,26.846668803418783,5.638466003316748,12.488570604931713,32.77893055555556,27.726015850144098,34.56324529447479,36.721066358024714,53.75007142857141,32.253676114341104,23.81719696969697,96.46407407407406,20.541736736736738,88.4269658119658,32.14944444444445,36.52849331006399,8.531666666666666,15.499722222222221,17.8838492063492,4.6075,40.89655982905982,4.675277777777778,26.663849206349212,0.2927777777777778,61.048807870370354,34.16876331811263,10.480530303030305,25.857336601307185,0.5223333333333332,1.027388888888889,22.296944444444446,0.0,11.679242424242425,5.85,6.913813131313132,0.0,0.5485416666666666,205.4613888888889,11.008000000000001,0.0,16.37472222222222,0.0,0.15555555555555556,2.2670833333333333,2.7198611111111113,0.0,0.0,0.5769444444444445,11.367777777777778,0.0,0.0,0.0,28.875324074074072,11.294027777777778,0.4410185185185185,0.1257638888888889,0.0,0.0,0.0,120.85583333333334,0.0,0.0,230.31333333333333,146.09148148148148,0.0,0.0,0.0,0.0,0.0,83.24277777777777,0.0,0.0,7.65,0.0,0.0
10,0.0,0.0,0.0,0.0,0.0,0.0,0.0,0.0,0.0,0.0,0.0,0.0,0.0,0.0,0.0,0.0,0.0,0.0,0.0,0.0,0.0,0.0,0.0,0.0,0.0,0.0,0.0,0.0,0.0,0.0,0.0,0.0,0.0,0.0,0.0,0.0,0.0,0.0,0.0,0.0,0.0,0.0,0.0,0.0,0.0,0.0,0.0,0.0,0.0,0.0,0.0,0.0,0.0,0.0,0.0,0.0,0.0,0.0,0.0,0.0,0.0,0.0,0.0,0.0,0.0,0.0,0.0,0.0,0.0,0.0,0.0,0.0,0.0,0.0,0.0,0.0,0.0,0.0,0.0,0.0,0.0,0.0,0.0,0.0,0.0,0.0,0.0,0.0,0.0,0.0,0.0,0.0,0.0,0.0,0.0,0.0,0.0,0.0,0.0,0.0,0.0,0.0,0.0,0.0,0.0,0.0,0.0,0.0,0.0,0.0,0.0,0.0,0.0,0.0,0.0,0.0,0.0,0.0,0.0,0.0,0.0,0.0,0.0,0.0,0.0,0.0,0.0,0.0,0.0,0.0,0.0,0.0,0.0,0.0,0.0,0.0,0.0,0.0,0.0,0.0,0.0,0.0,0.0,0.0,0.0,0.0,0.0,0.0,0.0,0.0,0.0,0.0,0.0,0.0,0.0,0.0,0.0,0.0,0.0,0.0,0.0,0.0,0.0,0.0,0.0,0.0,0.0,0.0,0.0,0.0,0.0,0.0,0.0,0.0,0.0,0.0,0.0,0.0,0.0,0.0,0.0,0.0,0.0,0.0,0.0,0.0,0.0,0.0,0.0,0.0,0.0,0.0,0.0,0.0,0.0,0.0,0.0,0.0,0.0,0.0,0.0,0.0,0.0,0.0,0.0,0.0,0.0,0.0,0.0,0.0,0.0,0.0,0.0,0.0,0.0,0.0,0.0,0.0,0.0,0.0,0.0,0.0,0.0,0.0,0.0,0.0,0.0,0.0,0.0,0.0,0.0,0.0,0.0,0.0,0.0,0.0,0.0
11,0.0,0.0,0.0,0.0,0.0,0.0,0.0,0.0,0.0,0.0,0.0,0.0,0.0,0.0,0.0,0.0,0.0,0.0,0.0,0.0,0.0,0.0,0.0,0.0,0.0,0.0,0.0,0.0,0.0,0.0,0.0,0.0,0.0,0.0,0.0,0.0,0.0,0.0,0.0,0.0,0.0,0.0,0.0,0.0,0.0,0.0,0.0,0.0,0.0,0.0,0.0,0.0,0.0,0.0,0.0,0.0,0.0,0.0,0.0,0.0,0.0,0.0,0.0,0.0,0.0,0.0,0.0,0.0,0.0,0.0,0.0,0.0,0.0,0.0,0.0,0.0,0.0,0.0,0.0,0.0,0.0,0.0,0.0,0.0,0.0,0.0,0.0,0.0,0.0,0.0,0.0,0.0,0.0,0.0,0.0,0.0,0.0,0.0,0.0,0.0,0.0,0.0,0.0,0.0,0.0,0.0,0.0,0.0,0.0,0.0,0.0,0.0,0.0,0.0,0.0,0.0,0.0,0.0,0.0,0.0,0.0,0.0,0.0,0.0,0.0,0.0,0.0,0.0,0.0,0.0,0.0,0.0,0.0,0.0,0.0,0.0,0.0,0.0,0.0,0.0,0.0,0.0,0.0,0.0,0.0,0.0,0.0,0.0,0.0,0.0,0.0,0.0,0.0,0.0,0.0,0.0,0.0,0.0,0.0,0.0,0.0,0.0,0.0,0.0,0.0,0.0,0.0,0.0,0.0,0.0,0.0,0.0,0.0,0.0,0.0,0.0,0.0,0.0,0.0,0.0,0.0,0.0,0.0,0.0,0.0,0.0,0.0,0.0,0.0,0.0,0.0,0.0,0.0,0.0,0.0,0.0,0.0,0.0,0.0,0.0,0.0,0.0,0.0,0.0,0.0,0.0,0.0,0.0,0.0,0.0,0.0,0.0,0.0,0.0,0.0,0.0,0.0,0.0,0.0,0.0,0.0,0.0,0.0,0.0,0.0,0.0,0.0,0.0,0.0,0.0,0.0,0.0,0.0,0.0,0.0,0.0,0.0
12,0.0,0.0,0.0,0.0,0.0,0.0,0.0,0.0,0.0,0.0,0.0,0.0,0.0,0.0,0.0,0.0,0.0,0.0,0.0,0.0,0.0,0.0,0.0,0.0,0.0,0.0,0.0,0.0,0.0,0.0,0.0,0.0,0.0,0.0,0.0,0.0,0.0,0.0,0.0,0.0,0.0,0.0,0.0,0.0,0.0,0.0,0.0,0.0,0.0,0.0,0.0,0.0,0.0,0.0,0.0,0.0,0.0,0.0,0.0,0.0,0.0,0.0,0.0,0.0,0.0,0.0,0.0,0.0,0.0,0.0,0.0,0.0,0.0,0.0,0.0,0.0,0.0,0.0,0.0,0.0,0.0,0.0,0.0,0.0,0.0,0.0,0.0,0.0,0.0,0.0,0.0,0.0,0.0,0.0,0.0,0.0,0.0,0.0,0.0,0.0,0.0,0.0,0.0,0.0,0.0,0.0,0.0,0.0,0.0,0.0,0.0,0.0,0.0,0.0,0.0,0.0,0.0,0.0,0.0,0.0,0.0,0.0,0.0,0.0,0.0,0.0,0.0,0.0,0.0,0.0,0.0,0.0,0.0,0.0,0.0,0.0,0.0,0.0,0.0,0.0,0.0,0.0,0.0,0.0,0.0,0.0,0.0,0.0,0.0,0.0,0.0,0.0,0.0,0.0,0.0,0.0,0.0,0.0,0.0,0.0,0.0,0.0,0.0,0.0,0.0,0.0,0.0,0.0,0.0,0.0,0.0,0.0,0.0,0.0,0.0,0.0,0.0,0.0,0.0,0.0,0.0,0.0,0.0,0.0,0.0,0.0,0.0,0.0,0.0,0.0,0.0,0.0,0.0,0.0,0.0,0.0,0.0,0.0,0.0,0.0,0.0,0.0,0.0,0.0,0.0,0.0,0.0,0.0,0.0,0.0,0.0,0.0,0.0,0.0,0.0,0.0,0.0,0.0,0.0,0.0,0.0,0.0,0.0,0.0,0.0,0.0,0.0,0.0,0.0,0.0,0.0,0.0,0.0,0.0,0.0,0.0,0.0
